{"RuleTriggered": 0, "Violations": 0, "Details": {"pin_memory": false, "num_workers": 0, "cores": 2, "dataloaders": 1, "dataloading_time": {"p25": 0.84663075, "p50": 0.9506094999999999, "p95": 1.4862502999999994, "probs": [1, 0, 0, 1, 0, 1, 0, 0, 0, 0, 0, 0, 1, 1, 0, 0, 0, 0, 0, 0, 0, 0, 0, 1, 0, 0, 1, 0, 0, 0, 0, 0, 0, 0, 0, 0, 0, 0, 0, 1, 0, 1, 0, 0, 0, 0, 0, 0, 0, 0, 0, 0, 0, 0, 0, 0, 0, 0, 0, 0, 0, 0, 0, 0, 0, 0, 0, 0, 0, 0, 0, 0, 0, 0, 0, 0, 0, 0, 0, 0, 0, 0, 0, 0, 0, 0, 0, 0, 0, 0, 0, 0, 0, 0, 0, 0, 0, 0, 0, 1], "binedges": [0.773518, 0.78321107, 0.7929041400000001, 0.8025972100000001, 0.81229028, 0.82198335, 0.8316764200000001, 0.84136949, 0.85106256, 0.86075563, 0.8704487000000001, 0.88014177, 0.88983484, 0.89952791, 0.9092209800000001, 0.91891405, 0.92860712, 0.9383001900000001, 0.9479932600000001, 0.95768633, 0.9673794, 0.97707247, 0.98676554, 0.99645861, 1.00615168, 1.01584475, 1.02553782, 1.03523089, 1.04492396, 1.05461703, 1.0643101000000001, 1.0740031700000001, 1.08369624, 1.09338931, 1.10308238, 1.11277545, 1.12246852, 1.13216159, 1.14185466, 1.15154773, 1.1612408, 1.17093387, 1.18062694, 1.19032001, 1.20001308, 1.2097061500000001, 1.2193992200000001, 1.22909229, 1.23878536, 1.24847843, 1.2581715, 1.26786457, 1.27755764, 1.28725071, 1.2969437799999999, 1.30663685, 1.31632992, 1.32602299, 1.33571606, 1.3454091300000002, 1.3551022000000001, 1.3647952700000001, 1.37448834, 1.38418141, 1.39387448, 1.40356755, 1.41326062, 1.42295369, 1.43264676, 1.4423398299999999, 1.4520329, 1.46172597, 1.47141904, 1.48111211, 1.4908051800000002, 1.5004982500000001, 1.5101913200000001, 1.51988439, 1.52957746, 1.53927053, 1.5489636, 1.55865667, 1.56834974, 1.57804281, 1.5877358799999999, 1.59742895, 1.60712202, 1.61681509, 1.62650816, 1.6362012300000002, 1.6458943000000001, 1.6555873700000001, 1.66528044, 1.67497351, 1.68466658, 1.69435965, 1.70405272, 1.71374579, 1.72343886, 1.7331319299999999, 1.742825]}}, "Datapoints": 10, "RuleParameters": "min_threshold:70\nmax_threshold:200"}