{"RuleTriggered": 0, "Violations": 0, "Details": {"pin_memory": false, "num_workers": 0, "cores": 8, "dataloaders": 1, "dataloading_time": {"p25": 6.460002, "p50": 6.460002, "p95": 6.460002, "probs": [0, 0, 0, 0, 0, 0, 0, 0, 0, 0, 0, 0, 0, 0, 0, 0, 0, 0, 0, 0, 0, 0, 0, 0, 0, 0, 0, 0, 0, 0, 0, 0, 0, 0, 0, 0, 0, 0, 0, 0, 0, 0, 0, 0, 0, 0, 0, 0, 0, 0, 1, 0, 0, 0, 0, 0, 0, 0, 0, 0, 0, 0, 0, 0, 0, 0, 0, 0, 0, 0, 0, 0, 0, 0, 0, 0, 0, 0, 0, 0, 0, 0, 0, 0, 0, 0, 0, 0, 0, 0, 0, 0, 0, 0, 0, 0, 0, 0, 0, 0], "binedges": [5.960002, 5.970002, 5.980002, 5.9900020000000005, 6.000002, 6.010002, 6.020002, 6.0300020000000005, 6.040002, 6.050002, 6.060002, 6.070002000000001, 6.080002, 6.090002, 6.100002, 6.110002000000001, 6.120002, 6.130002, 6.140002, 6.150002000000001, 6.160002, 6.170002, 6.180002, 6.190002000000001, 6.2000020000000005, 6.210002, 6.220002, 6.230002000000001, 6.2400020000000005, 6.250002, 6.260002, 6.270002, 6.2800020000000005, 6.290002, 6.300002, 6.310002, 6.320002000000001, 6.330002, 6.340002, 6.350002, 6.360002000000001, 6.370002, 6.380002, 6.390002, 6.400002000000001, 6.410002, 6.420002, 6.430002, 6.440002, 6.4500020000000005, 6.460002, 6.470002, 6.480002000000001, 6.4900020000000005, 6.500002, 6.510002, 6.520002, 6.5300020000000005, 6.540002, 6.550002, 6.560002, 6.570002000000001, 6.580002, 6.590002, 6.600002, 6.610002000000001, 6.620002, 6.630002, 6.640002, 6.650002000000001, 6.660002, 6.670002, 6.680002, 6.690002, 6.7000020000000005, 6.710002, 6.720002, 6.730002000000001, 6.7400020000000005, 6.750002, 6.760002, 6.770002, 6.7800020000000005, 6.790002, 6.800002, 6.810002, 6.820002000000001, 6.830002, 6.840002, 6.850002, 6.860002000000001, 6.870002, 6.880002, 6.890002, 6.900002000000001, 6.910002, 6.920002, 6.930002, 6.940002, 6.9500020000000005, 6.960002]}}, "Datapoints": 1, "RuleParameters": "min_threshold:70\nmax_threshold:200"}