{"RuleTriggered": 1, "Violations": 1, "Details": {"pin_memory": false, "num_workers": 0, "cores": 8, "dataloaders": 1, "dataloading_time": {"p25": 7.0903255000000005, "p50": 7.584753, "p95": 8.509947499999999, "probs": [1, 0, 0, 0, 0, 0, 0, 0, 0, 0, 0, 0, 0, 0, 0, 0, 0, 0, 0, 0, 1, 1, 0, 0, 0, 0, 0, 0, 0, 1, 0, 0, 0, 0, 0, 0, 0, 0, 0, 0, 0, 0, 0, 1, 1, 0, 0, 0, 1, 0, 1, 0, 0, 0, 0, 0, 2, 0, 0, 0, 0, 0, 0, 0, 0, 0, 0, 0, 0, 0, 0, 0, 0, 0, 0, 0, 0, 0, 0, 0, 0, 0, 0, 0, 0, 0, 0, 0, 0, 0, 0, 0, 0, 0, 0, 0, 0, 0, 0, 1], "binedges": [6.392736, 6.41979411, 6.44685222, 6.47391033, 6.50096844, 6.52802655, 6.55508466, 6.58214277, 6.60920088, 6.63625899, 6.6633171, 6.69037521, 6.7174333200000005, 6.74449143, 6.7715495400000005, 6.79860765, 6.82566576, 6.85272387, 6.87978198, 6.90684009, 6.9338982, 6.96095631, 6.98801442, 7.01507253, 7.04213064, 7.06918875, 7.09624686, 7.12330497, 7.15036308, 7.1774211900000005, 7.2044793, 7.23153741, 7.25859552, 7.2856536300000005, 7.31271174, 7.33976985, 7.36682796, 7.39388607, 7.42094418, 7.44800229, 7.4750604, 7.50211851, 7.52917662, 7.55623473, 7.58329284, 7.61035095, 7.6374090599999995, 7.66446717, 7.6915252800000005, 7.71858339, 7.7456415, 7.77269961, 7.799757720000001, 7.82681583, 7.85387394, 7.88093205, 7.90799016, 7.93504827, 7.96210638, 7.98916449, 8.016222599999999, 8.04328071, 8.07033882, 8.09739693, 8.12445504, 8.15151315, 8.17857126, 8.20562937, 8.23268748, 8.25974559, 8.2868037, 8.31386181, 8.34091992, 8.36797803, 8.39503614, 8.42209425, 8.44915236, 8.47621047, 8.50326858, 8.530326689999999, 8.5573848, 8.58444291, 8.61150102, 8.63855913, 8.66561724, 8.69267535, 8.71973346, 8.74679157, 8.77384968, 8.80090779, 8.827965899999999, 8.85502401, 8.88208212, 8.90914023, 8.93619834, 8.96325645, 8.99031456, 9.01737267, 9.044430779999999, 9.07148889, 9.098547]}}, "Datapoints": 11, "RuleParameters": "min_threshold:70\nmax_threshold:200"}