{"RuleTriggered": 0, "Violations": 0, "Details": {"step_num": {"first": 1687870058204731, "last": 1687870855949634}, "job_start": 1687869969.501583, "job_end": 1687870859.50202}, "Datapoints": 55, "RuleParameters": "threshold:20"}