{"RuleTriggered": 0, "Violations": 0, "Details": {"step_num": {"first": 1687397629816253, "last": 1687399376222471}, "job_start": 1687397499.002171, "job_end": 1687399379.502863}, "Datapoints": 343, "RuleParameters": "threshold:20"}