{"RuleTriggered": 0, "Violations": 0, "Details": {"ratio": {"cpu_functions": 100.0}, "phase": {"Step:ModeKeys.TRAIN": 93.9333630547994, "others": 4.550111390544428, "Step:ModeKeys.EVAL": 1.5165255546561662}, "phase_time": {}, "CPU": {"aten::conv2d": 17.79643850108672, "aten::convolution": 17.79546993402043, "aten::_convolution": 17.794735379260928, "aten::mkldnn_convolution": 17.793032838110836, "aten::batch_norm": 5.699275662229423, "aten::_batch_norm_impl_index": 5.698214767726961, "aten::native_batch_norm": 5.696880374970171, "aten::max_pool2d": 2.744827899771774, "aten::max_pool2d_with_indices": 2.7205173309485366, "enumerate(DataLoader)#_SingleProcessDataLoaderIter.__next__": 6.260607311874211}, "CPU_total": {"aten::conv2d": 30647810, "aten::convolution": 30646142, "aten::_convolution": 30644877, "aten::mkldnn_convolution": 30641945, "aten::batch_norm": 9814903, "aten::_batch_norm_impl_index": 9813076, "aten::native_batch_norm": 9810778, "aten::max_pool2d": 4726955, "aten::max_pool2d_with_indices": 4685089, "enumerate(DataLoader)#_SingleProcessDataLoaderIter.__next__": 10781590}, "general": {"DataLoaderIterInitialize": 5.03350013267483e-05, "DataLoaderIter": 0.6428749569389366, "Forward": 99.35707470805973}}, "Datapoints": 0, "RuleParameters": ""}