{"RuleTriggered": 0, "Violations": 0, "Details": {"ratio": {"cpu_functions": 100.0}, "phase": {"Step:ModeKeys.TRAIN": 94.31119419304784, "others": 2.8687823374474024, "Step:ModeKeys.EVAL": 2.820023469504754}, "phase_time": {}, "CPU": {"aten::conv2d": 17.952048678985946, "aten::convolution": 17.951647076263882, "aten::_convolution": 17.951339274177602, "aten::mkldnn_convolution": 17.950648869498036, "aten::batch_norm": 3.774536183806254, "aten::_batch_norm_impl_index": 3.7740849807479995, "aten::native_batch_norm": 3.7734727765984792, "enumerate(DataLoader)#_SingleProcessDataLoaderIter.__next__": 16.872222159921797}, "CPU_total": {"aten::conv2d": 89759635, "aten::convolution": 89757627, "aten::_convolution": 89756088, "aten::mkldnn_convolution": 89752636, "aten::batch_norm": 18872553, "aten::_batch_norm_impl_index": 18870297, "aten::native_batch_norm": 18867236, "enumerate(DataLoader)#_SingleProcessDataLoaderIter.__next__": 84360539}, "general": {"DataLoaderIterInitialize": 7.797170712684723e-05, "DataLoaderIter": 8.522997125600718, "Forward": 91.47692490269216}}, "Datapoints": 0, "RuleParameters": ""}