{"RuleTriggered": 0, "Violations": 0, "Details": {"ratio": {"cpu_functions": 100.0}, "phase": {"Step:ModeKeys.TRAIN": 79.87256821750368, "others": 11.3423795405907, "Step:ModeKeys.EVAL": 8.785052241905623}, "phase_time": {}, "CPU": {"aten::conv2d": 18.15832664906674, "aten::convolution": 18.157970471450934, "aten::_convolution": 18.157678745022757, "aten::mkldnn_convolution": 18.157135998179623, "aten::batch_norm": 3.577022256080579, "aten::_batch_norm_impl_index": 3.5766253724515398, "aten::native_batch_norm": 3.5758536542839647, "enumerate(DataLoader)#_SingleProcessDataLoaderIter.__next__": 16.639386853463844}, "CPU_total": {"aten::conv2d": 10706031, "aten::convolution": 10705821, "aten::_convolution": 10705649, "aten::mkldnn_convolution": 10705329, "aten::batch_norm": 2108989, "aten::_batch_norm_impl_index": 2108755, "aten::native_batch_norm": 2108300, "enumerate(DataLoader)#_SingleProcessDataLoaderIter.__next__": 9810474}, "general": {"DataLoaderIterInitialize": 0.00011018638249853082, "DataLoaderIter": 0.930463073612123, "Forward": 99.06942674000538}}, "Datapoints": 0, "RuleParameters": ""}