{"RuleTriggered": 15, "Violations": 180, "Details": {"step_details": {"algo-1-27": {"step_stats": {"mean": 4.651764961424332, "max": 15.787432, "p99": 14.404199079999978, "p95": 5.2974038, "p50": 4.273063, "min": 1.349411}, "number_of_outliers": 12, "phase": "Step:ModeKeys.TRAIN", "stddev": 1.8, "probs": [3, 0, 0, 0, 0, 0, 0, 0, 0, 0, 0, 0, 0, 0, 0, 0, 0, 0, 0, 0, 0, 0, 0, 0, 0, 0, 0, 0, 0, 0, 0, 0, 0, 0, 0, 0, 0, 0, 0, 1, 2, 0, 0, 9, 73, 34, 79, 74, 4, 5, 0, 0, 5, 1, 5, 1, 4, 0, 1, 4, 4, 2, 9, 2, 0, 0, 0, 1, 0, 0, 0, 0, 0, 0, 0, 1, 0, 0, 0, 0, 0, 0, 0, 0, 0, 0, 0, 0, 0, 0, 0, 0, 0, 0, 0, 0, 0, 0, 0, 1], "binedges": [1.349411, 1.4120911299999999, 1.4747712599999998, 1.53745139, 1.60013152, 1.6628116499999999, 1.72549178, 1.78817191, 1.85085204, 1.9135321699999999, 1.9762122999999998, 2.0388924299999998, 2.10157256, 2.1642526899999996, 2.22693282, 2.28961295, 2.35229308, 2.41497321, 2.47765334, 2.54033347, 2.6030135999999997, 2.66569373, 2.72837386, 2.79105399, 2.85373412, 2.91641425, 2.97909438, 3.0417745099999998, 3.10445464, 3.1671347699999997, 3.2298149, 3.29249503, 3.35517516, 3.41785529, 3.48053542, 3.5432155499999998, 3.6058956799999997, 3.66857581, 3.73125594, 3.79393607, 3.8566162, 3.91929633, 3.98197646, 4.04465659, 4.10733672, 4.17001685, 4.23269698, 4.29537711, 4.35805724, 4.4207373699999994, 4.4834175, 4.54609763, 4.60877776, 4.67145789, 4.73413802, 4.79681815, 4.85949828, 4.92217841, 4.984858539999999, 5.04753867, 5.1102188, 5.172898930000001, 5.23557906, 5.29825919, 5.36093932, 5.42361945, 5.48629958, 5.54897971, 5.61165984, 5.67433997, 5.7370201, 5.79970023, 5.8623803599999995, 5.92506049, 5.98774062, 6.05042075, 6.11310088, 6.17578101, 6.23846114, 6.30114127, 6.3638214, 6.42650153, 6.48918166, 6.55186179, 6.61454192, 6.67722205, 6.73990218, 6.80258231, 6.86526244, 6.92794257, 6.9906227, 7.05330283, 7.11598296, 7.17866309, 7.24134322, 7.30402335, 7.36670348, 7.42938361, 7.49206374, 7.55474387, 7.617424], "step_numbers": ["1", "1", "2", "3", "4", "5", "5", "6", "7", "8", "9", "9"]}}, "ratio": {}, "phase": {"Step:ModeKeys.EVAL": 100.0}, "phase_time": {}, "general": {"Forward": 100.0}}, "Datapoints": 343, "RuleParameters": "threshold:3\nmode:None\nn_outliers:10\nstddev:3"}